act.bj.oupeng.com,Oupeng
act.oupeng.com,Oupeng
ad.mail.ru,Mail.ru
tracker-api.my.com,Mail.ru
ads.mopub.com,Twitter
ads.wapx.cn,wapx
aens.belugaboost.com,Baina
alog.umeng.com,Alibaba
analytics.163.com,163
analytics.query.yahoo.com,Verizon
analytics.rayjump.com,Mobvista
android.datacenter.maxthon.com,Maxthon
api2.sharesdk.cn:5566,ShareSDK
api6.tuisong.baidu.com,Baidu
api1.tuisong.baidu.com,Baidu
afd.baidu.com,Baidu
sofire.baidu.com,Baidu
hpd.baidu.com,Baidu
vse.baidu.com,Baidu
yuyin.baidu.com,Baidu
openrcv.baidu.com,Baidu
api.amplitude.com,Amplitude
api.appsflyer.com,AppsFlyer
api.browser.yandex.ru,Yandex
zen.yandex.ru,Yandex
api.cpu.baidu.com,Baidu
api.hdtv.letv.com,Letv
api.iclient.ifeng.com,ifeng
api.leostat.com,leostat
api.lybrowser.com,lybrowser
api.map.so.com,GeoJSON
api.mindhere.com,mindhere
api.molemon.com,molemon
api.parse.com,JSON Small and Fast Parser
api.pingstart.com:17209,pingstart
api.qdnav.cn,qdnav
api.taplytics.com,Taplytics
api.tuisong.baidu.com,Baidu
api.zcloud.io,zcloud
app.adjust.com,Adjust
applist.dftoutiao.com,toutiao
app.sastatic.sogoucdn.com,sogoucdn
appsupport.roboo.com,Roboo
app.wapx.cn,wapx
au.umeng.co,Alibaba
au.umeng.com,Alibaba
bns.3gie.cn,3GiE
b.appjiagu.com,Appjiagu
c.adbxb.cn,adbxb
cdn.syndication.twimg.com,twimg
channel.api.duapp.com,duapp
ciscobinary.openh264.org,openh264
clb.org.hk,Amazon AWS
client.map.baidu.com,Baidu
c.mse.360.cn,360
m3.s.360.cn,360
cnpolitics.org,cnpolitics
config.push.sogou.com,sogou
connect.facebook.net,Facebook
connect.tapjoy.com,TapJoy
content.tapjoy.com,TapJoy
control.kochava.com,Kochava
cooperation.solo-launcher.com:17209,HiChina
cp.bj.oupeng.com,Oupeng
cp.oupeng.com,Oupeng
crash-cn.opera.com,Opera
cycle.oupeng.com,Oupeng
data.flurry.com,Verizon
dd.browser.360.cn,360
dds.bj.oupeng.com,Oupeng
dds.oupeng.com,Oupeng
events.appsflyer.com,AppsFlyer
g.alicdn.com,alicdn
g.dcs.maxthon.com,Maxthon
gift.oupeng.com,Oupeng
gm.mmstat.com,Alibaba
go.maxthon.com,Maxthon
googleads.g.doubleclick.net,Doubleclick
graph.facebook.com,Facebook
h5.mobo168.com,mobo168
hao.roboo.com,Roboo
h.online-metrix.net,TapJoy
i.congzheli.com,congzheli
inews.gtimg.com,Tencent
init.startappexchange.com,StartApp
iyfnzgb.com,iyfnzgb
loc.map.baidu.com,Baidu
logger.cloudmobi.net,cloudmobi
api.cloudmobi.net,cloudmobi
log.hdtv.letv.com,Letv
log.mmstat.com,Alibaba
log.m.sm.cn,Apteligent
log.umsns.com,umsns
m.59wap.com,59wap
mad.m.maxthon.com,Maxthon
maxstat.oupeng.com,Oupeng
m.baidu.com,Baidu
med.heyzap.com,RNTSMedia
mengine.go2map.com,go2map
m.hao123.com,hao123
www.hao123.com,hao123
server.hao123.com,hao123
m.huohou.com,huohou
mibrowser-21920000.kxcdn.com,kxcdn
mixiaba.com,mixiaba
mm.maxthon.cn,Maxthon
mm.maxthon.com,Maxthon
msg.umengcloud.com,Alibaba
m.sm.cn,Apteligent
m.wn51.com,wn51
net.rayjump.com,Mobvista
news-proxy.maxthon.com,Maxthon
news.roboo.com,Roboo
notify.ssl.so.com,GeoJSON
nsclick.baidu.com,Baidu
nz.kraken.name,kraken
nz.kraken.name:8080,kraken
omage.oupeng.com,Oupeng
open.snssdk.com,snssdk
opsen.dolphin-browser.com,Dolphin
pass.tmall.com,tmall
pb.sogou.com,sogou
pbs.twimg.com,twimg
p.dcs.maxthon.com,Maxthon
phs.tanx.com,tanx
pixel.wp.com,Android VPI
platform.twitter.com,Twitter
plbslog.umeng.com,Alibaba
plus.sogou.com,sogou
profile-api-u.maxthon.com,Maxthon
public-api.wordpress.com,Wordpress
pull.push.sogou.com,sogou
px.ucweb.com,UCWeb
adtrack.ucweb.com,UCWeb
gjapplog.uc.cn,UCWeb
qurl.f.360.cn,360
r2.adwo.com,adwo
r2.mo.baidu.com,Baidu
r.domob.cn,domob
register.xmpush.xiaomi.com,Xiaomi
report.appmetrica.yandex.net,Yandex
rqd.uu.qq.com,Tencent
s.1329768.cc:88,1329768
sapi.map.baidu.com,Baidu
sa.sogou.com,sogou
sdk-actlog.dftoutiao.com,dftoutiao
sdk-columns.dftoutiao.com,dftoutiao
sdk.e.qq.com,Tencent
mi.gdt.qq.com,Tencent
sdk.mediav.com,mediav
sdk-serverts.dftoutiao.com,dftoutiao
sett-browser.appspot.com,Appspot
setting.rayjump.com,Mobvista
show-m.mediav.com,mediav
soma.smaato.net,Spearhead IMC
srv1.xbext.com:6789,xbext
srv.xbext.com,xbext
ssl.google-analytics.com,Google Analytics
stadig.ifeng.com,ifeng
startup.mobile.yandex.net,Yandex
startup.oupeng.com,Oupeng
stat-c.maxthon.com,Maxthon
stats-a.maxthon.com,Maxthon
stats.appsflyer.com,AppsFlyer
stats.g.doubleclick.net,Doubleclick
syndication.twitter.com,Twitter
t66y.com,t66y
t.appsflyer.com,AppsFlyer
tcread2ftd.sinaapp.com,sinaapp
tiantianurl.com:555,tiantianurl
track.mediav.com,mediav
update.m.2345.com,2345
upoll.umengcloud.com,Alibaba
utop.umengcloud.com,Alibaba
uu.163.com,163
v.sj.360.cn,360
weixin.sa.sogou.com,sogou
wgo.mmstat.com,Alibaba
widgets.wp.com,Android VPI
wifiapi02.51y5.net,51y5
wnllqhotnews.dftoutiao.com,dftoutiao
ws.tapjoyads.com,TapJoy
www.boss369.cc:88,boss369
www.facebook.com,Facebook
www.falundafa.org,falundafa
www.google-analytics.com,Google Analytics
www.google.com,Google Search
www.mindhere.com,mindhere
www.startappexchange.com,StartApp
www.tiantianurl.com,tiantianurl
www.umeng.co,Alibaba
www.umeng.com,Alibaba
www.unionbrowser.com,unionbrowser
o.sputnik.mail.ru,Mail.ru
www.baidu.com,Baidu
hm.baidu.com,Baidu
aonbrowser.com,Aonbrowser
www.tiantiango.cn:888,tiantiango
ico.oupeng.com,Oupeng
sba.yandex.net,Yandex
api.bing.com,Bing
c.bingapis.com,Bing
bing.com,Bing
suggestqueries.google.com,Google Suggest
apitest.baoruan.com,baoruan
mbsug.ssl.so.com,360
www.google.com.hk,Google Search
google.com,Google Search
ada.baidu.com,Baidu
sestat.baidu.com,Baidu
fclick.baidu.com,Baidu
suggestion.baidu.com,Baidu Suggest
106.187.99.143:6789,Linode IP
211.151.194.114,21 ViaNet
update.googleapis.com,Alphabet
203.205.255.79:8080,Tencent
140.205.203.104:8002,Taobao
42.62.116.18:1028,WLWM Comm.
api.m.sm.cn,SM
203.205.255.80:8080,Tencent
139.162.17.130:6789,Linode IP
45.33.105.193:6789,Linode IP
203.205.255.78:8080,Tencent
42.62.116.35:1028,WLWM Comm.
42.62.116.34:1028,WLWM Comm.
59.107.24.5:1028,WLWM Comm.
59.107.24.11:1028,WLWM Comm.
sugs.m.sm.cn,SM
101.198.191.58,360
err.tmall.com,Tmall
140.205.203.103:8002,Taobao
incoming.telemetry.mozilla.org,Mozilla
aus5.mozilla.org,Mozilla
play.googleapis.com,Google Play
mbd.baidu.com,Baidu
browserkernel.baidu.com,Baidu
vortex.data.microsoft.com,Microsoft
sugg.search.yahoo.net,Yahoo Suggest
r.skimresources.com,Skimlinks
datamixer-pa.googleapis.com,Google Datamixer
browser.kiddoware.com,Kiddoware
s3.amazonaws.com,Kodemuse
sitecheck2.opera.com,Opera Sitecheck
api-a.op-mobile.opera.com,Opera
www.miotabrowser.com,MiOTA
api.fillr.com,Fillr
app-measurement.com,Firebase
www.googleapis.com,Google API
register.appsflyer.com,AppsFlyer
www.googleadservices.com,Google Ads
onesignal.com,OneSignal
global.appnext.com,Appnext
req.startappservice.com,StartAppService
init.startappservice.com,StartAppService
trc.taboola.com,Taboola
vidanalytics.taboola.com,Taboola
15.taboola.com,Taboola
cds.taboola.com,Taboola
trc-events.taboola.com,Taboola
api.taboola.com,Taboola
cdn.taboola.com,Taboola
cdn.eportalmobile.com,Ume Tech
www.eportalmobile.com:8080,Ume Tech
api.eportalmobile.com,Ume Tech
tags.bluekai.com,BlueKai
sync.intentiq.com,Intent IQ
file.mb.lenovomm.com,Lenovo
fw.mb.lenovomm.com,Lenovo
news.mb.lenovomm.com,Lenovo
fsr.lenovomm.com,Lenovo
ams.lenovomm.com,Lenovo
config.fsr.lenovomm.com,Lenovo
api.mb.lenovomm.com,Lenovo
mfsr.lenovomm.com,Lenovo
susapi.lenovomm.com,Lenovo
sync.crwdcntrl.net,Lotame
mwzeom.zeotap.com,Zeotap
config.appsgeyser.com,AppsGeyser
stat.appsgeyser.com,AppsGeyser
report-uri.cloudflare.com,Cloudflare Certcheck
mstat.orbitum.com,Orbitum
dgss1.baidu.com,Baidu
ucus.ucweb.com,UCWeb
kwurl.ucweb.com,UCWeb
fnetchat.com,Fnetchat
accounts.google.com,Google Accounts
ofa-sub.osp.opera.software,Opera
amdcopen.m.taobao.com,Taobao
srv1.fnetchat.com:6789,Fnetchat
news-us.feednews.com,Opera
pubads.g.doubleclick.net,Doubleclick
ss0.baidu.com,Baidu
sensors.snappea.com,Snappea
t10.baidu.com,Baidu
timg01.bdimg.com,Baidu
oth.eve.mdt.qq.com:8080,Tencent
mtt.eve.mdt.qq.com:8080,Tencent
ulogs.umeng.com,Alibaba
login.microsoftonline.com,Microsoft
als.baidu.com,Baidu
103.235.46.227,Baidu
sync1.intentiq.com,Intent IQ
aa.agkn.com,NeuStar
android.googleapis.com,Google API
mbrowser.baidu.com,Baidu
203.205.239.20,Tencent
www.news.com.au,News AU
key.ggsafe.com:1210,GGSafe
update.baidu.com,Baidu
sdk.look.360.cn,360
dgss2.baidu.com,Baidu
android.clients.google.com,Alphabet
124.207.66.136,BTTE
stat.orbitum.com,Orbitum
m.g-fox.cn,Firefox.cn Compatibility
sfo-tbsshim.skyfire.com,Skyfire
cloud.ninesky.com,Ninesky Favicon
up4.ucweb.com:8012,UCWeb
urlsafe.baidu.com,Baidu URLSafe
exsoul-webservice.com,Exsoul
global.cmcs.service.amazonsilk.com,Amzn silk
www.vionika.com,Vionika
mttbro.3g.qq.com:8080,Tencent
icons.better-idea.org,Better-idea Favicon
fb.umeng.com,umeng
com.3gie.browser,3GiE
ptc.service.wrproxy.com,Wrproxy
opscn.dolphin-browser.com,Dolphin
stat.appioapp.com,appioapp
adsp.xunlei.com,xunlei
ads.appsgeyser.com,AppsGeyser
ws.ksmobile.net,ksmobile
register.xmpush.global.xiaomi.com,Xiaomi
track.appsflyer.com,AppsFlyer
browser.wapreach.com,wapreach
apiconfig.adwo.com,adwo
zy.3gogo.net.cn,3gogo
afpssp.alimama.com,alimama
api.mobpalm.com,mobpalm
mads.amazon-adsystem.com,Amazon
aax-us-east.amazon-adsystem.com,Amazon
cr.m.liebao.cn,liebao
a.cpatrk.net,cpatrk
bhasha.lk,bhasha
mobile-login.xunlei.com,xunlei
api.tatagou.com.cn,AndroidSVG
cdn01.baidu-img.cn,baidu-img
app.91shoufu.com,91shoufu
aax.amazon-adsystem.com,Amazon
sdk-orion.appboy.com,Appboy
planet.mofeng.net,mofeng
dev.appboy.com,Appboy
br.bmbs.baidu.com,Baidu
acns.belugaboost.com,Baina
mobile-global.baidu.com,Baidu
register.newsserver.jndroid.com,jndroid
crash.opera.com,Opera
mobilecrashreporting.googleapis.com,Alphabet
pluginapi1.browser.oupeng.com,Oupeng
rt.applovin.com,Applovin
api.leanplum.com,Leanplum
api.m.taobao.com,Taobao
sdk.imap.baidu.com,Baidu
experiment.appadhoc.com,AppAdhoc
browser.coohua.com,coohua
ofa.opera.com,Opera
splash.appsgeyser.com,AppsGeyser
ds.server.matocloud.com,matocloud
andmlbf.tj.ijinshan.com,ijinshan
firebaseremoteconfig.googleapis.com,googleapis
rts.mobula.sdk.duapps.com,duapps
s.amazon-adsystem.com,Amazon
pushcn.dolphin-browser.com,Dolphin
order.sm.cn,Apteligent
stats.umsns.com,umsns
dzone.dolphin.com,Dolphin
hao.lenovo.com,Lenovo
app.launchdarkly.com,launchdarkly
sdk.mobad.ijinshan.com,Xiamen
newstoredata.goforandroid.com,SungyMobile
news.opera-api.com,Opera
mlb.did.ijinshan.com,Xiamen
an.m.liebao.cn,liebao
tup.bangcdn.net,bangcdn
infoevent.startappservice.com,StartApp
ias.server.matocloud.com,matocloud
bbs.shoujids.com,shoujids
api.mobula.sdk.duapps.com,duapps
mblapi.ssl2.duapps.com,duapps
bhasha-etisalat-server.appspot.com,Appspot
a.applovin.com,Applovin
101.251.226.226:40028,Capitalonline
favicon.yandex.net,Yandex Favicon
storage.mds.yandex.net,Yandex Storage
bcp.crwdcntrl.net,Lotame
api.3gie.cn,3GiE
bat.bing.com,Bat Bing
p.skimresources.com,Skimlinks
amdc.m.taobao.com,Taobao
in.9app-co.net,9app
cdn.doubleverify.com,DoubleVerify
collector-pxikkul2rm.perimeterx.net,PerimeterX
static-cdn.jtvnw.net,Jtvnw
a.vserv.mobi,Vserv
rq.vserv.mobi,Vserv
t.skimresources.com,Skimlinks
connection-help.puffinbrowser.com,PuffinBrowser ConnectHelp
8397396.fls.doubleclick.net,Doubleclick
h.imedia.cz,Seznam
browser.umeweb.com,Ume
r3---sn-ab5l6n6e.gvt1.com,Gvt1
more.9app-co.net,9app
4228414.fls.doubleclick.net,Doubleclick
s.webp2p.letv.com,Letv
info.9app-co.net,9app
wup.imtt.qq.com:8080,Tencent
android.bugly.qq.com,Tencent
ny1-bid.adsrvr.org,TheTradeDesk
ib.adnxs.com,Adnxs
tpinbrowser.appspot.com,Appspot
api.platform.letv.com,Letv
r3---sn-ab5l6nzs.gvt1.com,Gvt1
r4---sn-ab5sznld.gvt1.com,Gvt1
o278969.ingest.sentry.io,Sentry
token.rubiconproject.com,Rubicon Project
r6---sn-ab5szn7k.gvt1.com,Gvt1
getfavicon.appspot.com,Appspot Favicon
ad.doubleclick.net,Doubleclick
fastlane.rubiconproject.com,Rubicon Project
AMOGHS_MANUAL_LINE,THIS_IS_THE_DEMARCATOR
stat.appioapp.com,appioapp
adsp.xunlei.com,xunlei
ads.appsgeyser.com,AppsGeyser
ws.ksmobile.net,Ksmobile
register.xmpush.global.xiaomi.com,Xiaomi MiPush
track.appsflyer.com,AppsFlyer
browser.wapreach.com,Wapreach
apiconfig.adwo.com,adwo
afpssp.alimama.com,alimama
api.mobpalm.com,mobpalm
mads.amazon-adsystem.com,Amazon
cr.m.liebao.cn,liebao
a.cpatrk.net,cpatrk
bhasha.lk,bhasha
mobile-login.xunlei.com,xunlei
api.tatagou.com.cn,AndroidSVG
cdn01.baidu-img.cn,Baidu
app.91shoufu.com,91shoufu
aax.amazon-adsystem.com,Amazon
sdk-orion.appboy.com,Appboy
planet.mofeng.net,mofeng
dev.appboy.com,Appboy
br.bmbs.baidu.com,Baidu
acns.belugaboost.com,Baina
mobile-global.baidu.com,Baidu
register.newsserver.jndroid.com,jndroid
crash.opera.com,Spongy Castle
mobilecrashreporting.googleapis.com,Alphabet
pluginapi1.browser.oupeng.com,Oupeng
rt.applovin.com,Applovin
api.leanplum.com,Leanplum
api.m.taobao.com,Taobao
sdk.imap.baidu.com,Baidu
experiment.appadhoc.com,AppAdhoc
browser.coohua.com,coohua
ofa.opera.com,Spongy Castle
splash.appsgeyser.com,AppsGeyser
ds.server.matocloud.com,matocloud
andmlbf.tj.ijinshan.com,Ijinshan
firebaseremoteconfig.googleapis.com,googleapis
rts.mobula.sdk.duapps.com,duapps
s.amazon-adsystem.com,Amazon
pushcn.dolphin-browser.com,MoboTap
order.sm.cn,Apteligent
stats.umsns.com,umsns
dzone.dolphin.com,Dolphin
hao.lenovo.com,lenovo
app.launchdarkly.com,launchdarkly
sdk.mobad.ijinshan.com,Xiamen
newstoredata.goforandroid.com,SungyMobile
news.opera-api.com,opera-api
mlb.did.ijinshan.com,Xiamen
an.m.liebao.cn,liebao
tup.bangcdn.net,bangcdn
infoevent.startappservice.com,StartApp
ias.server.matocloud.com,matocloud
bbs.shoujids.com,shoujids
api.mobula.sdk.duapps.com,duapps
mblapi.ssl2.duapps.com,duapps
bhasha-etisalat-server.appspot.com,appspot
a.applovin.com,Applovin
rum-http-intake.logs.datadoghq.com,Datadog
browsersafe.baidu.com,Baidu
zgl.3gogo.net.cn,3gogo
m.facebook.com,Facebook
oc.umeng.com,Alibaba
s.cdnsynd.com,cdnsynd
d.applovin.com,Applovin
www.livelycpath.xyz,livelycpath
mon-va.byteoversea.com,Bytedance
c3.sdkclickurl.com,sdkclickurl
collect.tealiumiq.com,tealiumiq
equipment.tclclouds.com,tclclouds
m.youtube.com,Youtube
wxtop.sa.sogou.com,sogou
safe.ie.sogou.com,sogou
as.mobo168.com,mobo168
data.mistat.xiaomi.com,Xiaomi
api.qianqu.cc:8081,qianqu
sok.apperstap.com,apperstap
sec.api.browser.yandex.ru,Yandex
sec.api.browser.yandex.com,Yandex
ff.search.yahoo.com,Yahoo Search
168.235.197.1,UCWeb
tracker.appadhoc.com,AppAdhoc
service.dianapk.com,dianapk
reports.crashlytics.com,Crashlytics
afwprovisioning-pa.googleapis.com,Google API
cpu-openapi.baidu.com,Baidu
admin.appnext.com,Appnext
api.fdvr.co,FDVR
andmlb.kshwtj.com,kshwtj
warn.mse.360.cn,360
api.blueskyinvent.com,BlueSky
ynuf.alipay.com,Alipay
gj.applog.uc.cn:9081,UCWeb
attr.union.ucweb.com,UCWeb
api.allnews.uodoo.com,uodoo
flow.headline.uodoo.com,uodoo
sdkdata.elasticbeanstalk.com,Amazon
androidads20.adcolony.com,AdColony
cb.ksmobile.com,ksmobile
tps.doubleverify.com,DoubleVerify
trends.mobitech-search.xyz,Mobitech
reenunciatepolymorphistic.club,reenunciatepolymorphistic
st.browser.vivo.com.cn,Vivo
browser.vivo.com.cn,Vivo
sysupgrade.bbk.com,bbk
comm.inner.bbk.com,bbk
rfrl.pw,rfrl
